metric,pos,vel,acc
rmse,0.288648530920864,0.3714924486935581,0.6028400764049131
coverage95,0.169,0.1772,0.3626
