metric,dim_1,dim_2,dim_3
rmse,0.2996874475091835,0.3988393424755604,0.741665918631203
coverage95,0.1635,0.168,0.3515
