metric,dim_1,dim_2,dim_3,dim_4
rmse,1.4239050555099322,7.716361692716397,48.11805559447919,0.16362619792607822
coverage95,0.3025,0.2865,0.2985,1.0
