metric,pos,vel,acc
rmse,0.2865550978725407,0.39086549750111294,0.7604826963994609
coverage95,0.172,0.1755,0.3645
