metric,dim_1,dim_2,dim_3,dim_4,dim_5,dim_6,dim_7
rmse,0.10549336393251284,0.14419581920851615,0.35824674376585236,0.15758666806698302,0.03150534741741401,0.0045637095279757595,0.0004442536588839344
coverage95,0.974,0.9515,0.9465,1.0,0.9615,0.9095,0.849
