metric,pos,vel,acc
rmse,0.06502996556352157,0.08039520612036515,0.1411857982128904
coverage95,0.9798,0.9974,1.0
