{
    "overall_statistics": {
        "max_rmse": 3.299001492028169,
        "avg_uncertainty": 1.2049839971585956,
        "min_rmse": 0.7419387213912214,
        "avg_rmse": 1.9994313536000998,
        "median_rmse": 1.9381063957819458,
        "rmse_std": 0.8440312602211023
    },
    "process_statistics": {
        "rmse_by_process": [
            1.2421526942076047,
            3.296238187725556,
            1.0652503562558533,
            2.945281024075859,
            0.8434165666451793,
            3.027852609739151,
            0.8666613153831532,
            1.9111704233682851,
            2.4987211032416368,
            1.7818807756422854,
            2.1706867171673485,
            1.9650423681956064,
            2.2296017980046026,
            0.7419387213912214,
            1.3939381947332576,
            3.299001492028169,
            2.869584774853474,
            1.3104003942871267,
            1.7968645266816716,
            2.7329430283749514
        ]
    },
    "model_parameters": {
        "n_samples": 120,
        "n_processes": 20,
        "training_samples": 100,
        "test_samples": 20
    }
}
