metric,dim_1
rmse,4.8083604191386256
coverage95,0.002
corr_mean,0.2581002276197439
