metric,pos,vel,acc
rmse,0.07473209635122804,0.09111942527700033,0.15563806928448523
coverage95,0.9455555555555556,1.0,1.0
