metric,dim_1,dim_2
rmse,3.531991908380537,4.4428789423007835
coverage95,0.002,0.0
corr_mean,0.0451716818173893,0.0043554874497954395
