metric,dim_1,dim_2
rmse,3.531991908380537,4.4428789423007835
coverage95,0.002,0.0
