{
  "metadata": {
    "final_position": -0.1327335253437295,
    "success": false,
    "constant_action": 100.0,
    "total_steps": 51,
    "policy_type": "naive",
    "final_velocity": 0.007467776637837806
  },
  "timeseries": {
    "time_step": [
      1,
      2,
      3,
      4,
      5,
      6,
      7,
      8,
      9,
      10,
      11,
      12,
      13,
      14,
      15,
      16,
      17,
      18,
      19,
      20,
      21,
      22,
      23,
      24,
      25,
      26,
      27,
      28,
      29,
      30,
      31,
      32,
      33,
      34,
      35,
      36,
      37,
      38,
      39,
      40,
      41,
      42,
      43,
      44,
      45,
      46,
      47,
      48,
      49,
      50
    ],
    "position": [
      -0.5,
      -0.46,
      -0.388,
      -0.2944,
      -0.19071999999999997,
      -0.08833599999999994,
      0.0026432000000000816,
      0.07452500398323937,
      0.12963212527485085,
      0.17046002310137898,
      0.19929598902125534,
      0.2180597101767151,
      0.22827135981911406,
      0.23107840989911102,
      0.22730317250098311,
      0.21749394053183824,
      0.201973999616185,
      0.1808886037663979,
      0.15425308371974314,
      0.12200694755818925,
      0.08407932385591796,
      0.040469695253516146,
      -0.008656397305973437,
      -0.06200424087891671,
      -0.11381687600667399,
      -0.15906656002098815,
      -0.19388461963177206,
      -0.2158324113183004,
      -0.22400218270434583,
      -0.21895475868135214,
      -0.20251660119252263,
      -0.1774705993333238,
      -0.14718213772671246,
      -0.11520430850809102,
      -0.08490383136052262,
      -0.05914301879165881,
      -0.040043985600515496,
      -0.02885045716843497,
      -0.025891235862719,
      -0.030638813101302724,
      -0.0418477513058978,
      -0.057751020559443596,
      -0.07628886083169045,
      -0.09534403099354358,
      -0.11295928103985703,
      -0.12751707797755343,
      -0.13786738742372487,
      -0.14339592718290667,
      -0.14403202024787964,
      -0.14020130198156733
    ],
    "velocity": [
      0.0,
      0.04,
      0.07200000000000001,
      0.09360000000000002,
      0.10368000000000002,
      0.10238400000000003,
      0.09097920000000002,
      0.07188180398323929,
      0.055107121291611494,
      0.04082789782652811,
      0.028835965919876357,
      0.018763721155459764,
      0.010211649642398953,
      0.002807050079996959,
      -0.0037752373981279064,
      -0.00980923196914487,
      -0.015519940915653237,
      -0.0210853958497871,
      -0.026635520046654752,
      -0.03224613616155388,
      -0.0379276237022713,
      -0.04360962860240181,
      -0.04912609255948958,
      -0.053347843572943275,
      -0.05181263512775728,
      -0.04524968401431415,
      -0.034818059610783915,
      -0.02194779168652832,
      -0.008169771386045445,
      0.005047424022993678,
      0.016438157488829527,
      0.02504600185919884,
      0.030288461606611333,
      0.03197782921862145,
      0.0303004771475684,
      0.025760812568863818,
      0.01909903319114331,
      0.011193528432080525,
      0.0029592213057159714,
      -0.004747577238583725,
      -0.011208938204595079,
      -0.015903269253545793,
      -0.018537840272246857,
      -0.01905517016185313,
      -0.01761525004631346,
      -0.014557796937696411,
      -0.010350309446171428,
      -0.005528539759181807,
      -0.0006360930649729618,
      0.0038307182663123024
    ],
    "action": [
      100.0,
      100.0,
      100.0,
      100.0,
      100.0,
      100.0,
      100.0,
      100.0,
      100.0,
      100.0,
      100.0,
      100.0,
      100.0,
      100.0,
      100.0,
      100.0,
      100.0,
      100.0,
      100.0,
      100.0,
      100.0,
      100.0,
      100.0,
      100.0,
      100.0,
      100.0,
      100.0,
      100.0,
      100.0,
      100.0,
      100.0,
      100.0,
      100.0,
      100.0,
      100.0,
      100.0,
      100.0,
      100.0,
      100.0,
      100.0,
      100.0,
      100.0,
      100.0,
      100.0,
      100.0,
      100.0,
      100.0,
      100.0,
      100.0,
      100.0
    ],
    "distance_to_goal": [
      1.0,
      0.96,
      0.888,
      0.7944,
      0.69072,
      0.588336,
      0.49735679999999993,
      0.42547499601676064,
      0.37036787472514915,
      0.329539976898621,
      0.30070401097874466,
      0.2819402898232849,
      0.27172864018088594,
      0.268921590100889,
      0.2726968274990169,
      0.28250605946816176,
      0.298026000383815,
      0.3191113962336021,
      0.3457469162802569,
      0.37799305244181075,
      0.415920676144082,
      0.4595303047464839,
      0.5086563973059735,
      0.5620042408789168,
      0.613816876006674,
      0.6590665600209882,
      0.6938846196317721,
      0.7158324113183003,
      0.7240021827043458,
      0.7189547586813522,
      0.7025166011925226,
      0.6774705993333238,
      0.6471821377267124,
      0.615204308508091,
      0.5849038313605226,
      0.5591430187916588,
      0.5400439856005155,
      0.5288504571684349,
      0.525891235862719,
      0.5306388131013027,
      0.5418477513058978,
      0.5577510205594436,
      0.5762888608316905,
      0.5953440309935436,
      0.612959281039857,
      0.6275170779775534,
      0.6378673874237248,
      0.6433959271829066,
      0.6440320202478796,
      0.6402013019815673
    ],
    "progress_percent": [
      0.0,
      4.0000000000000036,
      11.2,
      20.560000000000002,
      30.928,
      41.1664,
      50.264320000000005,
      57.452500398323934,
      62.96321252748509,
      67.0460023101379,
      69.92959890212553,
      71.80597101767151,
      72.82713598191141,
      73.1078409899111,
      72.73031725009831,
      71.74939405318382,
      70.1973999616185,
      68.08886037663979,
      65.42530837197431,
      62.20069475581893,
      58.4079323855918,
      54.04696952535162,
      49.134360269402656,
      43.799575912108324,
      38.6183123993326,
      34.09334399790118,
      30.611538036822793,
      28.416758868169968,
      27.59978172956542,
      28.104524131864782,
      29.748339880747743,
      32.25294006666763,
      35.28178622732876,
      38.479569149190894,
      41.50961686394774,
      44.08569812083412,
      45.99560143994845,
      47.11495428315651,
      47.4108764137281,
      46.93611868986973,
      45.81522486941022,
      44.22489794405564,
      42.37111391683095,
      40.465596900645636,
      38.704071896014305,
      37.248292202244656,
      36.213261257627515,
      35.66040728170934,
      35.596797975212034,
      35.979869801843265
    ],