{
  "sample_size": {
    "n_compare": 337,
    "matched_timesteps": 337
  },
  "basic_metrics": {
    "mae_static": 1.8478270144407953,
    "mae_realtime": 7.094690207852129,
    "mse_static": 5.142021094402061,
    "mse_realtime": 73.14934105541316,
    "rmse_static": 2.2676024992052866,
    "rmse_realtime": 8.552738804348767
  },
  "bias_variance": {
    "bias_static": 0.14306967611322666,
    "bias_realtime": -0.5690366154433395,
    "var_residuals_static": 5.136794876947306,
    "var_residuals_realtime": 73.0422810594649
  },
  "correlation": {
    "correlation_static": 0.9482334166046192,
    "correlation_realtime": -0.07467583648215007,
    "r2_static": 0.8983083399525084,
    "r2_realtime": -0.44664476997251645
  },
  "quantile_metrics": {
    "q50_abs_err_static": 1.639872827426517,
    "q50_abs_err_realtime": 6.455198471965145,
    "q95_abs_err_static": 4.207643158823785,
    "q95_abs_err_realtime": 15.02337456703921,
    "max_abs_err_static": 5.647056427132975,
    "max_abs_err_realtime": 17.255928853833865
  },
  "normalized_metrics": {
    "nrmse_static": 0.11338103487664564,
    "nrmse_realtime": 0.42764037215806544,
    "nmae_static": 0.09239209219594044,
    "nmae_realtime": 0.35473735726494965
  },
  "coverage": {
