metric,dim_1,dim_2
rmse,4.660808609480951,10.020165180804723
coverage95,0.0045,0.0005
