{
    "MSFT": {
        "volatility_reduction": -52.939343283211805,
        "sharpe_ratio": {
            "actual": 1.2093987386626215,
            "denoised": -4.909756313814322
        },
        "direction_accuracy": 0.873015873015873,
        "max_drawdown": {
            "actual": 0.22529032132865326,
            "denoised": 0.999999999984001
        }
    },
    "GOOG": {
        "volatility_reduction": -61.28616079430804,
        "sharpe_ratio": {
            "actual": 10.711783421693372,
            "denoised": -4.60735008744134
        },
        "direction_accuracy": 0.7936507936507936,
        "max_drawdown": {
            "actual": 0.05775909096627884,
            "denoised": 0.9999999999154564
        }
    },
    "AAPL": {
        "volatility_reduction": -129.01116418292102,
        "sharpe_ratio": {
            "actual": -3.1780632516802485,
            "denoised": -7.144530597261887
        },
        "direction_accuracy": 0.8253968253968254,
        "max_drawdown": {
            "actual": 0.13959772185245423,
            "denoised": 0.9999999999978348
        }
    }
}
