metric,dim_1,dim_2,dim_3
rmse,1.4181526356617948,7.711924971637204,48.11464969712758
coverage95,0.304,0.2825,0.3
