metric,pos,vel,acc
rmse,0.11550993328311648,0.15012492618894688,0.35959144307554947
coverage95,0.9584,0.9506,0.9442
