metric,dim_1,dim_2
rmse,0.019279080322010502,0.0004199253431266211
coverage95,1.0,0.934
corr_mean,0.9999999903581999,0.9274509208229932
