metric,pos,vel,acc
rmse,0.611768840536158,2.128475225375921,7.756612540033037
coverage95,0.0976,0.0392,0.029
