metric,dim_1,dim_2,dim_3,dim_4
rmse,0.2978002935508519,0.40314301449245143,0.7767559292373377,0.15582290865474882
coverage95,0.1685,0.171,0.346,0.0
