metric,pos,vel,acc
rmse,0.06939451302105351,0.08711272400314055,0.16356766925760485
coverage95,0.9658,0.99,1.0
