{
  "inference": {
    "iterations": 10,
    "execution_time": 0.008235931396484375,
    "posterior_mean": 0.2871287128712871,
    "converged": true,
    "posterior_std": 0.02011261845653598
  },
  "data": {
    "n_samples": 500,
    "n_heads": 141.0,
    "n_tails": 359.0,
    "theta_real": 0.3,
    "empirical_rate": 0.282
  },
  "params": {
    "prior_b": 1.0,
    "n_samples": 500,
    "prior_a": 4.0,
    "theta_real": 0.3
  }
}
