{
  "inference": {
    "iterations": 10,
    "execution_time": 0.00798797607421875,
    "posterior_mean": 0.28286852589641437,
    "converged": true,
    "posterior_std": 0.020082034687849335
  },
  "data": {
    "n_samples": 500,
    "n_heads": 141.0,
    "n_tails": 359.0,
    "theta_real": 0.3,
    "empirical_rate": 0.282
  },
  "params": {
    "prior_b": 1.0,
    "n_samples": 500,
    "prior_a": 1.0,
    "theta_real": 0.3
  }
}
