{
  "inference": {
    "iterations": 10,
    "execution_time": 0.01717090606689453,
    "posterior_mean": 0.29545454545454547,
    "converged": true,
    "posterior_std": 0.014334915059320727
  },
  "data": {
    "n_samples": 1000,
    "n_heads": 291.0,
    "n_tails": 709.0,
    "theta_real": 0.3,
    "empirical_rate": 0.291
  },
  "params": {
    "prior_b": 4.0,
    "n_samples": 1000,
    "prior_a": 8.0,
    "theta_real": 0.3
  }
}
