{
  "inference": {
    "iterations": 10,
    "execution_time": 0.01544809341430664,
    "posterior_mean": 0.29150197628458496,
    "converged": true,
    "posterior_std": 0.014278590898687766
  },
  "data": {
    "n_samples": 1000,
    "n_heads": 291.0,
    "n_tails": 709.0,
    "theta_real": 0.3,
    "empirical_rate": 0.291
  },
  "params": {
    "prior_b": 8.0,
    "n_samples": 1000,
    "prior_a": 4.0,
    "theta_real": 0.3
  }
}
