{
  "inference": {
    "iterations": 10,
    "execution_time": 0.0031239986419677734,
    "posterior_mean": 0.5141509433962265,
    "converged": true,
    "posterior_std": 0.034245711893655696
  },
  "data": {
    "n_samples": 200,
    "n_heads": 101.0,
    "n_tails": 99.0,
    "theta_real": 0.5,
    "empirical_rate": 0.505
  },
  "params": {
    "prior_b": 4.0,
    "n_samples": 200,
    "prior_a": 8.0,
    "theta_real": 0.5
  }
}
