{
  "inference": {
    "iterations": 10,
    "execution_time": 0.015299797058105469,
    "posterior_mean": 0.7976071784646062,
    "converged": true,
    "posterior_std": 0.012680174290842828
  },
  "data": {
    "n_samples": 1000,
    "n_heads": 799.0,
    "n_tails": 201.0,
    "theta_real": 0.8,
    "empirical_rate": 0.799
  },
  "params": {
    "prior_b": 2.0,
    "n_samples": 1000,
    "prior_a": 1.0,
    "theta_real": 0.8
  }
}
