{
  "inference": {
    "iterations": 10,
    "execution_time": 0.016402006149291992,
    "posterior_mean": 0.4821073558648111,
    "converged": true,
    "posterior_std": 0.015746245380432313
  },
  "data": {
    "n_samples": 1000,
    "n_heads": 483.0,
    "n_tails": 517.0,
    "theta_real": 0.5,
    "empirical_rate": 0.483
  },
  "params": {
    "prior_b": 4.0,
    "n_samples": 1000,
    "prior_a": 2.0,
    "theta_real": 0.5
  }
}
