{
  "inference": {
    "iterations": 10,
    "execution_time": 0.0032088756561279297,
    "posterior_mean": 0.3160377358490566,
    "converged": true,
    "posterior_std": 0.031856329871841185
  },
  "data": {
    "n_samples": 200,
    "n_heads": 59.0,
    "n_tails": 141.0,
    "theta_real": 0.3,
    "empirical_rate": 0.295
  },
  "params": {
    "prior_b": 4.0,
    "n_samples": 200,
    "prior_a": 8.0,
    "theta_real": 0.3
  }
}
