{
  "inference": {
    "iterations": 10,
    "execution_time": 0.003144979476928711,
    "posterior_mean": 0.29901960784313725,
    "converged": true,
    "posterior_std": 0.031976125390174526
  },
  "data": {
    "n_samples": 200,
    "n_heads": 59.0,
    "n_tails": 141.0,
    "theta_real": 0.3,
    "empirical_rate": 0.295
  },
  "params": {
    "prior_b": 2.0,
    "n_samples": 200,
    "prior_a": 2.0,
    "theta_real": 0.3
  }
}
