{
  "inference": {
    "iterations": 10,
    "execution_time": 0.2597010135650635,
    "posterior_mean": 0.30461722966220267,
    "converged": true,
    "posterior_std": 0.004600841215211784
  },
  "data": {
    "n_samples": 10000,
    "n_heads": 3046.0,
    "n_tails": 6954.0,
    "theta_real": 0.3,
    "empirical_rate": 0.3046
  },
  "params": {
    "prior_b": 4.0,
    "n_samples": 10000,
    "prior_a": 2.0,
    "theta_real": 0.3
  }
}
