{
  "inference": {
    "iterations": 10,
    "execution_time": 0.01608586311340332,
    "posterior_mean": 0.6877470355731226,
    "converged": true,
    "posterior_std": 0.014560051996801398
  },
  "data": {
    "n_samples": 1000,
    "n_heads": 688.0,
    "n_tails": 312.0,
    "theta_real": 0.7,
    "empirical_rate": 0.688
  },
  "params": {
    "prior_b": 4.0,
    "n_samples": 1000,
    "prior_a": 8.0,
    "theta_real": 0.7
  }
}
