{
  "inference": {
    "iterations": 10,
    "execution_time": 0.003339052200317383,
    "posterior_mean": 0.5046296296296297,
    "converged": true,
    "posterior_std": 0.033940756635134156
  },
  "data": {
    "n_samples": 200,
    "n_heads": 101.0,
    "n_tails": 99.0,
    "theta_real": 0.5,
    "empirical_rate": 0.505
  },
  "params": {
    "prior_b": 8.0,
    "n_samples": 200,
    "prior_a": 8.0,
    "theta_real": 0.5
  }
}
