{
  "inference": {
    "iterations": 10,
    "execution_time": 0.0033049583435058594,
    "posterior_mean": 0.7870370370370371,
    "converged": true,
    "posterior_std": 0.027791997270788814
  },
  "data": {
    "n_samples": 200,
    "n_heads": 162.0,
    "n_tails": 38.0,
    "theta_real": 0.8,
    "empirical_rate": 0.81
  },
  "params": {
    "prior_b": 8.0,
    "n_samples": 200,
    "prior_a": 8.0,
    "theta_real": 0.8
  }
}
