{
  "inference": {
    "iterations": 10,
    "execution_time": 0.2549428939819336,
    "posterior_mean": 0.5005997600959616,
    "converged": true,
    "posterior_std": 0.004998746872330696
  },
  "data": {
    "n_samples": 10000,
    "n_heads": 5006.0,
    "n_tails": 4994.0,
    "theta_real": 0.5,
    "empirical_rate": 0.5006
  },
  "params": {
    "prior_b": 2.0,
    "n_samples": 10000,
    "prior_a": 2.0,
    "theta_real": 0.5
  }
}
