{
  "inference": {
    "iterations": 10,
    "execution_time": 0.00846099853515625,
    "posterior_mean": 0.47713717693836977,
    "converged": true,
    "posterior_std": 0.022248474681159595
  },
  "data": {
    "n_samples": 500,
    "n_heads": 239.0,
    "n_tails": 261.0,
    "theta_real": 0.5,
    "empirical_rate": 0.478
  },
  "params": {
    "prior_b": 2.0,
    "n_samples": 500,
    "prior_a": 1.0,
    "theta_real": 0.5
  }
}
