{
  "inference": {
    "iterations": 10,
    "execution_time": 0.2089371681213379,
    "posterior_mean": 0.5004497751124438,
    "converged": true,
    "posterior_std": 0.00499849865229237
  },
  "data": {
    "n_samples": 10000,
    "n_heads": 5006.0,
    "n_tails": 4994.0,
    "theta_real": 0.5,
    "empirical_rate": 0.5006
  },
  "params": {
    "prior_b": 4.0,
    "n_samples": 10000,
    "prior_a": 1.0,
    "theta_real": 0.5
  }
}
