{
  "inference": {
    "iterations": 10,
    "execution_time": 0.015677928924560547,
    "posterior_mean": 0.4796828543111992,
    "converged": true,
    "posterior_std": 0.015719925351618418
  },
  "data": {
    "n_samples": 1000,
    "n_heads": 483.0,
    "n_tails": 517.0,
    "theta_real": 0.5,
    "empirical_rate": 0.483
  },
  "params": {
    "prior_b": 8.0,
    "n_samples": 1000,
    "prior_a": 1.0,
    "theta_real": 0.5
  }
}
