{
  "inference": {
    "iterations": 10,
    "execution_time": 0.1362290382385254,
    "posterior_mean": 0.7998017839444995,
    "converged": true,
    "posterior_std": 0.01259101087267175
  },
  "data": {
    "n_samples": 1000,
    "n_heads": 799.0,
    "n_tails": 201.0,
    "theta_real": 0.8,
    "empirical_rate": 0.799
  },
  "params": {
    "prior_b": 1.0,
    "n_samples": 1000,
    "prior_a": 8.0,
    "theta_real": 0.8
  }
}
