{
  "inference": {
    "iterations": 10,
    "execution_time": 0.0016129016876220703,
    "posterior_mean": 0.23214285714285715,
    "converged": true,
    "posterior_std": 0.039717202868787556
  },
  "data": {
    "n_samples": 100,
    "n_heads": 22.0,
    "n_tails": 78.0,
    "theta_real": 0.3,
    "empirical_rate": 0.22
  },
  "params": {
    "prior_b": 8.0,
    "n_samples": 100,
    "prior_a": 4.0,
    "theta_real": 0.3
  }
}
