{
  "inference": {
    "iterations": 10,
    "execution_time": 0.017055034637451172,
    "posterior_mean": 0.6855721393034826,
    "converged": true,
    "posterior_std": 0.014638214276716353
  },
  "data": {
    "n_samples": 1000,
    "n_heads": 688.0,
    "n_tails": 312.0,
    "theta_real": 0.7,
    "empirical_rate": 0.688
  },
  "params": {
    "prior_b": 4.0,
    "n_samples": 1000,
    "prior_a": 1.0,
    "theta_real": 0.7
  }
}
