{
  "inference": {
    "iterations": 10,
    "execution_time": 0.007877826690673828,
    "posterior_mean": 0.8035363457760314,
    "converged": true,
    "posterior_std": 0.017593764871086725
  },
  "data": {
    "n_samples": 500,
    "n_heads": 401.0,
    "n_tails": 99.0,
    "theta_real": 0.8,
    "empirical_rate": 0.802
  },
  "params": {
    "prior_b": 1.0,
    "n_samples": 500,
    "prior_a": 8.0,
    "theta_real": 0.8
  }
}
