{
  "inference": {
    "iterations": 10,
    "execution_time": 0.008082151412963867,
    "posterior_mean": 0.2811881188118812,
    "converged": true,
    "posterior_std": 0.019986228492380385
  },
  "data": {
    "n_samples": 500,
    "n_heads": 141.0,
    "n_tails": 359.0,
    "theta_real": 0.3,
    "empirical_rate": 0.282
  },
  "params": {
    "prior_b": 4.0,
    "n_samples": 500,
    "prior_a": 1.0,
    "theta_real": 0.3
  }
}
