{
  "inference": {
    "iterations": 10,
    "execution_time": 0.2625858783721924,
    "posterior_mean": 0.30512538715156357,
    "converged": true,
    "posterior_std": 0.0046023045661274745
  },
  "data": {
    "n_samples": 10000,
    "n_heads": 3046.0,
    "n_tails": 6954.0,
    "theta_real": 0.3,
    "empirical_rate": 0.3046
  },
  "params": {
    "prior_b": 1.0,
    "n_samples": 10000,
    "prior_a": 8.0,
    "theta_real": 0.3
  }
}
