{
  "inference": {
    "iterations": 10,
    "execution_time": 0.023540973663330078,
    "posterior_mean": 0.689108910891089,
    "converged": true,
    "posterior_std": 0.0145570204551528
  },
  "data": {
    "n_samples": 1000,
    "n_heads": 688.0,
    "n_tails": 312.0,
    "theta_real": 0.7,
    "empirical_rate": 0.688
  },
  "params": {
    "prior_b": 2.0,
    "n_samples": 1000,
    "prior_a": 8.0,
    "theta_real": 0.7
  }
}
