{
  "inference": {
    "iterations": 10,
    "execution_time": 0.26773500442504883,
    "posterior_mean": 0.5009491457688081,
    "converged": true,
    "posterior_std": 0.004997492869154863
  },
  "data": {
    "n_samples": 10000,
    "n_heads": 5006.0,
    "n_tails": 4994.0,
    "theta_real": 0.5,
    "empirical_rate": 0.5006
  },
  "params": {
    "prior_b": 1.0,
    "n_samples": 10000,
    "prior_a": 8.0,
    "theta_real": 0.5
  }
}
