{
  "inference": {
    "iterations": 10,
    "execution_time": 0.10605216026306152,
    "posterior_mean": 0.6897918731417245,
    "converged": true,
    "posterior_std": 0.01455542649613918
  },
  "data": {
    "n_samples": 1000,
    "n_heads": 688.0,
    "n_tails": 312.0,
    "theta_real": 0.7,
    "empirical_rate": 0.688
  },
  "params": {
    "prior_b": 1.0,
    "n_samples": 1000,
    "prior_a": 8.0,
    "theta_real": 0.7
  }
}
