{
  "inference": {
    "iterations": 10,
    "execution_time": 0.2235400676727295,
    "posterior_mean": 0.6988613663603676,
    "converged": true,
    "posterior_std": 0.004584549288326884
  },
  "data": {
    "n_samples": 10000,
    "n_heads": 6993.0,
    "n_tails": 3007.0,
    "theta_real": 0.7,
    "empirical_rate": 0.6993
  },
  "params": {
    "prior_b": 8.0,
    "n_samples": 10000,
    "prior_a": 4.0,
    "theta_real": 0.7
  }
}
