{
  "inference": {
    "iterations": 10,
    "execution_time": 0.26423001289367676,
    "posterior_mean": 0.8029985007496252,
    "converged": true,
    "posterior_std": 0.003976141978266011
  },
  "data": {
    "n_samples": 10000,
    "n_heads": 8030.0,
    "n_tails": 1970.0,
    "theta_real": 0.8,
    "empirical_rate": 0.803
  },
  "params": {
    "prior_b": 1.0,
    "n_samples": 10000,
    "prior_a": 4.0,
    "theta_real": 0.8
  }
}
