{
  "inference": {
    "iterations": 10,
    "execution_time": 0.0213930606842041,
    "posterior_mean": 0.48306772908366535,
    "converged": true,
    "posterior_std": 0.01576296112677421
  },
  "data": {
    "n_samples": 1000,
    "n_heads": 483.0,
    "n_tails": 517.0,
    "theta_real": 0.5,
    "empirical_rate": 0.483
  },
  "params": {
    "prior_b": 2.0,
    "n_samples": 1000,
    "prior_a": 2.0,
    "theta_real": 0.5
  }
}
