{
  "inference": {
    "iterations": 10,
    "execution_time": 0.01756119728088379,
    "posterior_mean": 0.29141716566866266,
    "converged": true,
    "posterior_std": 0.014348364871956993
  },
  "data": {
    "n_samples": 1000,
    "n_heads": 291.0,
    "n_tails": 709.0,
    "theta_real": 0.3,
    "empirical_rate": 0.291
  },
  "params": {
    "prior_b": 1.0,
    "n_samples": 1000,
    "prior_a": 1.0,
    "theta_real": 0.3
  }
}
