{
  "inference": {
    "iterations": 10,
    "execution_time": 0.007673025131225586,
    "posterior_mean": 0.7901960784313725,
    "converged": true,
    "posterior_std": 0.018012076621893983
  },
  "data": {
    "n_samples": 500,
    "n_heads": 401.0,
    "n_tails": 99.0,
    "theta_real": 0.8,
    "empirical_rate": 0.802
  },
  "params": {
    "prior_b": 8.0,
    "n_samples": 500,
    "prior_a": 2.0,
    "theta_real": 0.8
  }
}
