{
  "inference": {
    "iterations": 10,
    "execution_time": 0.008057117462158203,
    "posterior_mean": 0.6952191235059761,
    "converged": true,
    "posterior_std": 0.020524411776285858
  },
  "data": {
    "n_samples": 500,
    "n_heads": 348.0,
    "n_tails": 152.0,
    "theta_real": 0.7,
    "empirical_rate": 0.696
  },
  "params": {
    "prior_b": 1.0,
    "n_samples": 500,
    "prior_a": 1.0,
    "theta_real": 0.7
  }
}
