{
  "inference": {
    "iterations": 10,
    "execution_time": 0.01653313636779785,
    "posterior_mean": 0.7960199004975125,
    "converged": true,
    "posterior_std": 0.012704479357102071
  },
  "data": {
    "n_samples": 1000,
    "n_heads": 799.0,
    "n_tails": 201.0,
    "theta_real": 0.8,
    "empirical_rate": 0.799
  },
  "params": {
    "prior_b": 4.0,
    "n_samples": 1000,
    "prior_a": 1.0,
    "theta_real": 0.8
  }
}
