{
  "inference": {
    "iterations": 10,
    "execution_time": 0.016448020935058594,
    "posterior_mean": 0.4851778656126482,
    "converged": true,
    "posterior_std": 0.015702701408433262
  },
  "data": {
    "n_samples": 1000,
    "n_heads": 483.0,
    "n_tails": 517.0,
    "theta_real": 0.5,
    "empirical_rate": 0.483
  },
  "params": {
    "prior_b": 4.0,
    "n_samples": 1000,
    "prior_a": 8.0,
    "theta_real": 0.5
  }
}
