{
  "inference": {
    "iterations": 10,
    "execution_time": 0.21384787559509277,
    "posterior_mean": 0.5004997001798921,
    "converged": true,
    "posterior_std": 0.004998248422084562
  },
  "data": {
    "n_samples": 10000,
    "n_heads": 5006.0,
    "n_tails": 4994.0,
    "theta_real": 0.5,
    "empirical_rate": 0.5006
  },
  "params": {
    "prior_b": 4.0,
    "n_samples": 10000,
    "prior_a": 2.0,
    "theta_real": 0.5
  }
}
