{
  "inference": {
    "iterations": 10,
    "execution_time": 0.007970094680786133,
    "posterior_mean": 0.29273084479371314,
    "converged": true,
    "posterior_std": 0.02014844407460766
  },
  "data": {
    "n_samples": 500,
    "n_heads": 141.0,
    "n_tails": 359.0,
    "theta_real": 0.3,
    "empirical_rate": 0.282
  },
  "params": {
    "prior_b": 1.0,
    "n_samples": 500,
    "prior_a": 8.0,
    "theta_real": 0.3
  }
}
