{
  "inference": {
    "iterations": 10,
    "execution_time": 0.00787806510925293,
    "posterior_mean": 0.2865612648221344,
    "converged": true,
    "posterior_std": 0.020080896862150095
  },
  "data": {
    "n_samples": 500,
    "n_heads": 141.0,
    "n_tails": 359.0,
    "theta_real": 0.3,
    "empirical_rate": 0.282
  },
  "params": {
    "prior_b": 2.0,
    "n_samples": 500,
    "prior_a": 4.0,
    "theta_real": 0.3
  }
}
