{
  "inference": {
    "iterations": 10,
    "execution_time": 0.008033990859985352,
    "posterior_mean": 0.48526522593320237,
    "converged": true,
    "posterior_std": 0.022130756099945952
  },
  "data": {
    "n_samples": 500,
    "n_heads": 239.0,
    "n_tails": 261.0,
    "theta_real": 0.5,
    "empirical_rate": 0.478
  },
  "params": {
    "prior_b": 1.0,
    "n_samples": 500,
    "prior_a": 8.0,
    "theta_real": 0.5
  }
}
