{
  "inference": {
    "iterations": 10,
    "execution_time": 0.0034821033477783203,
    "posterior_mean": 0.6839622641509434,
    "converged": true,
    "posterior_std": 0.031856329871841185
  },
  "data": {
    "n_samples": 200,
    "n_heads": 141.0,
    "n_tails": 59.0,
    "theta_real": 0.7,
    "empirical_rate": 0.705
  },
  "params": {
    "prior_b": 8.0,
    "n_samples": 200,
    "prior_a": 4.0,
    "theta_real": 0.7
  }
}
