{
  "inference": {
    "iterations": 10,
    "execution_time": 0.0033719539642333984,
    "posterior_mean": 0.7951219512195122,
    "converged": true,
    "posterior_std": 0.028121013970690084
  },
  "data": {
    "n_samples": 200,
    "n_heads": 162.0,
    "n_tails": 38.0,
    "theta_real": 0.8,
    "empirical_rate": 0.81
  },
  "params": {
    "prior_b": 4.0,
    "n_samples": 200,
    "prior_a": 1.0,
    "theta_real": 0.8
  }
}
