{
  "inference": {
    "iterations": 10,
    "execution_time": 0.0030541419982910156,
    "posterior_mean": 0.7009803921568627,
    "converged": true,
    "posterior_std": 0.031976125390174526
  },
  "data": {
    "n_samples": 200,
    "n_heads": 141.0,
    "n_tails": 59.0,
    "theta_real": 0.7,
    "empirical_rate": 0.705
  },
  "params": {
    "prior_b": 2.0,
    "n_samples": 200,
    "prior_a": 2.0,
    "theta_real": 0.7
  }
}
