{
  "inference": {
    "iterations": 10,
    "execution_time": 0.00796198844909668,
    "posterior_mean": 0.47808764940239046,
    "converged": true,
    "posterior_std": 0.022272478934221105
  },
  "data": {
    "n_samples": 500,
    "n_heads": 239.0,
    "n_tails": 261.0,
    "theta_real": 0.5,
    "empirical_rate": 0.478
  },
  "params": {
    "prior_b": 1.0,
    "n_samples": 500,
    "prior_a": 1.0,
    "theta_real": 0.5
  }
}
