{
  "inference": {
    "iterations": 10,
    "execution_time": 0.23940801620483398,
    "posterior_mean": 0.3046344386735917,
    "converged": true,
    "posterior_std": 0.004599535552561007
  },
  "data": {
    "n_samples": 10000,
    "n_heads": 3046.0,
    "n_tails": 6954.0,
    "theta_real": 0.3,
    "empirical_rate": 0.3046
  },
  "params": {
    "prior_b": 8.0,
    "n_samples": 10000,
    "prior_a": 4.0,
    "theta_real": 0.3
  }
}
