{
  "inference": {
    "iterations": 10,
    "execution_time": 0.0031108856201171875,
    "posterior_mean": 0.2904761904761905,
    "converged": true,
    "posterior_std": 0.031253418637092446
  },
  "data": {
    "n_samples": 200,
    "n_heads": 59.0,
    "n_tails": 141.0,
    "theta_real": 0.3,
    "empirical_rate": 0.295
  },
  "params": {
    "prior_b": 8.0,
    "n_samples": 200,
    "prior_a": 2.0,
    "theta_real": 0.3
  }
}
