{
  "inference": {
    "iterations": 10,
    "execution_time": 0.01564788818359375,
    "posterior_mean": 0.6828543111992071,
    "converged": true,
    "posterior_std": 0.014643090516591522
  },
  "data": {
    "n_samples": 1000,
    "n_heads": 688.0,
    "n_tails": 312.0,
    "theta_real": 0.7,
    "empirical_rate": 0.688
  },
  "params": {
    "prior_b": 8.0,
    "n_samples": 1000,
    "prior_a": 1.0,
    "theta_real": 0.7
  }
}
