{
  "inference": {
    "iterations": 10,
    "execution_time": 0.003535032272338867,
    "posterior_mean": 0.49528301886792453,
    "converged": true,
    "posterior_std": 0.03425791091867301
  },
  "data": {
    "n_samples": 200,
    "n_heads": 101.0,
    "n_tails": 99.0,
    "theta_real": 0.5,
    "empirical_rate": 0.505
  },
  "params": {
    "prior_b": 8.0,
    "n_samples": 200,
    "prior_a": 4.0,
    "theta_real": 0.5
  }
}
