{
  "inference": {
    "iterations": 10,
    "execution_time": 0.2632620334625244,
    "posterior_mean": 0.6994704765710861,
    "converged": true,
    "posterior_std": 0.004582592360761044
  },
  "data": {
    "n_samples": 10000,
    "n_heads": 6993.0,
    "n_tails": 3007.0,
    "theta_real": 0.7,
    "empirical_rate": 0.6993
  },
  "params": {
    "prior_b": 1.0,
    "n_samples": 10000,
    "prior_a": 8.0,
    "theta_real": 0.7
  }
}
