{
  "inference": {
    "iterations": 10,
    "execution_time": 0.2692699432373047,
    "posterior_mean": 0.6994005994005994,
    "converged": true,
    "posterior_std": 0.004582667255297739
  },
  "data": {
    "n_samples": 10000,
    "n_heads": 6993.0,
    "n_tails": 3007.0,
    "theta_real": 0.7,
    "empirical_rate": 0.6993
  },
  "params": {
    "prior_b": 2.0,
    "n_samples": 10000,
    "prior_a": 8.0,
    "theta_real": 0.7
  }
}
