{
  "inference": {
    "iterations": 10,
    "execution_time": 0.21074795722961426,
    "posterior_mean": 0.5005990415335463,
    "converged": true,
    "posterior_std": 0.0049957518256223115
  },
  "data": {
    "n_samples": 10000,
    "n_heads": 5006.0,
    "n_tails": 4994.0,
    "theta_real": 0.5,
    "empirical_rate": 0.5006
  },
  "params": {
    "prior_b": 8.0,
    "n_samples": 10000,
    "prior_a": 8.0,
    "theta_real": 0.5
  }
}
