{
  "inference": {
    "iterations": 10,
    "execution_time": 0.0030601024627685547,
    "posterior_mean": 0.8018867924528302,
    "converged": true,
    "posterior_std": 0.027310109612635886
  },
  "data": {
    "n_samples": 200,
    "n_heads": 162.0,
    "n_tails": 38.0,
    "theta_real": 0.8,
    "empirical_rate": 0.81
  },
  "params": {
    "prior_b": 4.0,
    "n_samples": 200,
    "prior_a": 8.0,
    "theta_real": 0.8
  }
}
