{
  "inference": {
    "iterations": 10,
    "execution_time": 0.01608109474182129,
    "posterior_mean": 0.2932405566600398,
    "converged": true,
    "posterior_std": 0.014346074848018019
  },
  "data": {
    "n_samples": 1000,
    "n_heads": 291.0,
    "n_tails": 709.0,
    "theta_real": 0.3,
    "empirical_rate": 0.291
  },
  "params": {
    "prior_b": 2.0,
    "n_samples": 1000,
    "prior_a": 4.0,
    "theta_real": 0.3
  }
}
