{
  "inference": {
    "iterations": 10,
    "execution_time": 0.026842117309570312,
    "posterior_mean": 0.292123629112662,
    "converged": true,
    "posterior_std": 0.014351430597190164
  },
  "data": {
    "n_samples": 1000,
    "n_heads": 291.0,
    "n_tails": 709.0,
    "theta_real": 0.3,
    "empirical_rate": 0.291
  },
  "params": {
    "prior_b": 1.0,
    "n_samples": 1000,
    "prior_a": 2.0,
    "theta_real": 0.3
  }
}
