{
  "inference": {
    "iterations": 10,
    "execution_time": 0.015774011611938477,
    "posterior_mean": 0.29054726368159206,
    "converged": true,
    "posterior_std": 0.014314333737434362
  },
  "data": {
    "n_samples": 1000,
    "n_heads": 291.0,
    "n_tails": 709.0,
    "theta_real": 0.3,
    "empirical_rate": 0.291
  },
  "params": {
    "prior_b": 4.0,
    "n_samples": 1000,
    "prior_a": 1.0,
    "theta_real": 0.3
  }
}
