{
  "inference": {
    "iterations": 10,
    "execution_time": 0.0033648014068603516,
    "posterior_mean": 0.5215311004784688,
    "converged": true,
    "posterior_std": 0.03447127249175588
  },
  "data": {
    "n_samples": 200,
    "n_heads": 101.0,
    "n_tails": 99.0,
    "theta_real": 0.5,
    "empirical_rate": 0.505
  },
  "params": {
    "prior_b": 1.0,
    "n_samples": 200,
    "prior_a": 8.0,
    "theta_real": 0.5
  }
}
