{
  "inference": {
    "iterations": 10,
    "execution_time": 0.015273809432983398,
    "posterior_mean": 0.797808764940239,
    "converged": true,
    "posterior_std": 0.01266915160980436
  },
  "data": {
    "n_samples": 1000,
    "n_heads": 799.0,
    "n_tails": 201.0,
    "theta_real": 0.8,
    "empirical_rate": 0.799
  },
  "params": {
    "prior_b": 2.0,
    "n_samples": 1000,
    "prior_a": 2.0,
    "theta_real": 0.8
  }
}
