{
  "inference": {
    "iterations": 10,
    "execution_time": 0.0035390853881835938,
    "posterior_mean": 0.5190476190476191,
    "converged": true,
    "posterior_std": 0.034396433478775024
  },
  "data": {
    "n_samples": 200,
    "n_heads": 101.0,
    "n_tails": 99.0,
    "theta_real": 0.5,
    "empirical_rate": 0.505
  },
  "params": {
    "prior_b": 2.0,
    "n_samples": 200,
    "prior_a": 8.0,
    "theta_real": 0.5
  }
}
