{
  "inference": {
    "iterations": 10,
    "execution_time": 0.008330106735229492,
    "posterior_mean": 0.4762845849802372,
    "converged": true,
    "posterior_std": 0.02218078753074614
  },
  "data": {
    "n_samples": 500,
    "n_heads": 239.0,
    "n_tails": 261.0,
    "theta_real": 0.5,
    "empirical_rate": 0.478
  },
  "params": {
    "prior_b": 4.0,
    "n_samples": 500,
    "prior_a": 2.0,
    "theta_real": 0.5
  }
}
