{
  "inference": {
    "iterations": 10,
    "execution_time": 0.01571798324584961,
    "posterior_mean": 0.7990049751243781,
    "converged": true,
    "posterior_std": 0.012634800974958378
  },
  "data": {
    "n_samples": 1000,
    "n_heads": 799.0,
    "n_tails": 201.0,
    "theta_real": 0.8,
    "empirical_rate": 0.799
  },
  "params": {
    "prior_b": 1.0,
    "n_samples": 1000,
    "prior_a": 4.0,
    "theta_real": 0.8
  }
}
