{
  "inference": {
    "iterations": 10,
    "execution_time": 0.015669822692871094,
    "posterior_mean": 0.2893954410307235,
    "converged": true,
    "posterior_std": 0.014269184402280798
  },
  "data": {
    "n_samples": 1000,
    "n_heads": 291.0,
    "n_tails": 709.0,
    "theta_real": 0.3,
    "empirical_rate": 0.291
  },
  "params": {
    "prior_b": 8.0,
    "n_samples": 1000,
    "prior_a": 1.0,
    "theta_real": 0.3
  }
}
