{
  "inference": {
    "iterations": 10,
    "execution_time": 0.38527607917785645,
    "posterior_mean": 0.8028591422573228,
    "converged": true,
    "posterior_std": 0.003977600466729496
  },
  "data": {
    "n_samples": 10000,
    "n_heads": 8030.0,
    "n_tails": 1970.0,
    "theta_real": 0.8,
    "empirical_rate": 0.803
  },
  "params": {
    "prior_b": 2.0,
    "n_samples": 10000,
    "prior_a": 1.0,
    "theta_real": 0.8
  }
}
