{
  "inference": {
    "iterations": 10,
    "execution_time": 0.025830984115600586,
    "posterior_mean": 0.29429133858267714,
    "converged": true,
    "posterior_std": 0.014290288201808615
  },
  "data": {
    "n_samples": 1000,
    "n_heads": 291.0,
    "n_tails": 709.0,
    "theta_real": 0.3,
    "empirical_rate": 0.291
  },
  "params": {
    "prior_b": 8.0,
    "n_samples": 1000,
    "prior_a": 8.0,
    "theta_real": 0.3
  }
}
