{
  "inference": {
    "iterations": 10,
    "execution_time": 0.0031180381774902344,
    "posterior_mean": 0.30288461538461536,
    "converged": true,
    "posterior_std": 0.03178467666288669
  },
  "data": {
    "n_samples": 200,
    "n_heads": 59.0,
    "n_tails": 141.0,
    "theta_real": 0.3,
    "empirical_rate": 0.295
  },
  "params": {
    "prior_b": 4.0,
    "n_samples": 200,
    "prior_a": 4.0,
    "theta_real": 0.3
  }
}
