{
  "inference": {
    "iterations": 10,
    "execution_time": 0.015429019927978516,
    "posterior_mean": 0.7986041874376869,
    "converged": true,
    "posterior_std": 0.012656806872345935
  },
  "data": {
    "n_samples": 1000,
    "n_heads": 799.0,
    "n_tails": 201.0,
    "theta_real": 0.8,
    "empirical_rate": 0.799
  },
  "params": {
    "prior_b": 1.0,
    "n_samples": 1000,
    "prior_a": 2.0,
    "theta_real": 0.8
  }
}
