{
  "inference": {
    "iterations": 10,
    "execution_time": 0.0250089168548584,
    "posterior_mean": 0.7928642220019821,
    "converged": true,
    "posterior_std": 0.012751647048389735
  },
  "data": {
    "n_samples": 1000,
    "n_heads": 799.0,
    "n_tails": 201.0,
    "theta_real": 0.8,
    "empirical_rate": 0.799
  },
  "params": {
    "prior_b": 8.0,
    "n_samples": 1000,
    "prior_a": 1.0,
    "theta_real": 0.8
  }
}
