{
  "inference": {
    "iterations": 10,
    "execution_time": 0.021510839462280273,
    "posterior_mean": 0.6856581532416502,
    "converged": true,
    "posterior_std": 0.020557478012278012
  },
  "data": {
    "n_samples": 500,
    "n_heads": 348.0,
    "n_tails": 152.0,
    "theta_real": 0.7,
    "empirical_rate": 0.696
  },
  "params": {
    "prior_b": 8.0,
    "n_samples": 500,
    "prior_a": 1.0,
    "theta_real": 0.7
  }
}
