{
  "inference": {
    "iterations": 10,
    "execution_time": 0.0034029483795166016,
    "posterior_mean": 0.7028301886792453,
    "converged": true,
    "posterior_std": 0.03131394224872579
  },
  "data": {
    "n_samples": 200,
    "n_heads": 141.0,
    "n_tails": 59.0,
    "theta_real": 0.7,
    "empirical_rate": 0.705
  },
  "params": {
    "prior_b": 4.0,
    "n_samples": 200,
    "prior_a": 8.0,
    "theta_real": 0.7
  }
}
