{
  "inference": {
    "iterations": 10,
    "execution_time": 0.0016298294067382812,
    "posterior_mean": 0.45454545454545453,
    "converged": true,
    "posterior_std": 0.047261385900912396
  },
  "data": {
    "n_samples": 100,
    "n_heads": 48.0,
    "n_tails": 52.0,
    "theta_real": 0.5,
    "empirical_rate": 0.48
  },
  "params": {
    "prior_b": 8.0,
    "n_samples": 100,
    "prior_a": 2.0,
    "theta_real": 0.5
  }
}
