{
  "inference": {
    "iterations": 10,
    "execution_time": 0.016757965087890625,
    "posterior_mean": 0.7974308300395256,
    "converged": true,
    "posterior_std": 0.012627822325527572
  },
  "data": {
    "n_samples": 1000,
    "n_heads": 799.0,
    "n_tails": 201.0,
    "theta_real": 0.8,
    "empirical_rate": 0.799
  },
  "params": {
    "prior_b": 4.0,
    "n_samples": 1000,
    "prior_a": 8.0,
    "theta_real": 0.8
  }
}
