{
  "inference": {
    "iterations": 10,
    "execution_time": 0.24727702140808105,
    "posterior_mean": 0.8027183689786128,
    "converged": true,
    "posterior_std": 0.003978075081160095
  },
  "data": {
    "n_samples": 10000,
    "n_heads": 8030.0,
    "n_tails": 1970.0,
    "theta_real": 0.8,
    "empirical_rate": 0.803
  },
  "params": {
    "prior_b": 4.0,
    "n_samples": 10000,
    "prior_a": 2.0,
    "theta_real": 0.8
  }
}
