{
  "inference": {
    "iterations": 10,
    "execution_time": 0.003309011459350586,
    "posterior_mean": 0.49047619047619045,
    "converged": true,
    "posterior_std": 0.034415174726158376
  },
  "data": {
    "n_samples": 200,
    "n_heads": 101.0,
    "n_tails": 99.0,
    "theta_real": 0.5,
    "empirical_rate": 0.505
  },
  "params": {
    "prior_b": 8.0,
    "n_samples": 200,
    "prior_a": 2.0,
    "theta_real": 0.5
  }
}
