{
  "inference": {
    "iterations": 10,
    "execution_time": 0.26764988899230957,
    "posterior_mean": 0.3046086174147756,
    "converged": true,
    "posterior_std": 0.004601494459481527
  },
  "data": {
    "n_samples": 10000,
    "n_heads": 3046.0,
    "n_tails": 6954.0,
    "theta_real": 0.3,
    "empirical_rate": 0.3046
  },
  "params": {
    "prior_b": 2.0,
    "n_samples": 10000,
    "prior_a": 1.0,
    "theta_real": 0.3
  }
}
