{
  "inference": {
    "iterations": 10,
    "execution_time": 0.0031659603118896484,
    "posterior_mean": 0.8029556650246306,
    "converged": true,
    "posterior_std": 0.027849196931911194
  },
  "data": {
    "n_samples": 200,
    "n_heads": 162.0,
    "n_tails": 38.0,
    "theta_real": 0.8,
    "empirical_rate": 0.81
  },
  "params": {
    "prior_b": 2.0,
    "n_samples": 200,
    "prior_a": 1.0,
    "theta_real": 0.8
  }
}
