{
  "inference": {
    "iterations": 10,
    "execution_time": 0.007793903350830078,
    "posterior_mean": 0.28875968992248063,
    "converged": true,
    "posterior_std": 0.019931096559267437
  },
  "data": {
    "n_samples": 500,
    "n_heads": 141.0,
    "n_tails": 359.0,
    "theta_real": 0.3,
    "empirical_rate": 0.282
  },
  "params": {
    "prior_b": 8.0,
    "n_samples": 500,
    "prior_a": 8.0,
    "theta_real": 0.3
  }
}
