{
  "inference": {
    "iterations": 10,
    "execution_time": 0.0031690597534179688,
    "posterior_mean": 0.7073170731707317,
    "converged": true,
    "posterior_std": 0.03170094108828812
  },
  "data": {
    "n_samples": 200,
    "n_heads": 141.0,
    "n_tails": 59.0,
    "theta_real": 0.7,
    "empirical_rate": 0.705
  },
  "params": {
    "prior_b": 1.0,
    "n_samples": 200,
    "prior_a": 4.0,
    "theta_real": 0.7
  }
}
