{
  "inference": {
    "iterations": 10,
    "execution_time": 0.0030808448791503906,
    "posterior_mean": 0.5097087378640777,
    "converged": true,
    "posterior_std": 0.03474585023073197
  },
  "data": {
    "n_samples": 200,
    "n_heads": 101.0,
    "n_tails": 99.0,
    "theta_real": 0.5,
    "empirical_rate": 0.505
  },
  "params": {
    "prior_b": 2.0,
    "n_samples": 200,
    "prior_a": 4.0,
    "theta_real": 0.5
  }
}
