{
  "inference": {
    "iterations": 10,
    "execution_time": 0.24845290184020996,
    "posterior_mean": 0.8028365960846984,
    "converged": true,
    "posterior_std": 0.003975983981855581
  },
  "data": {
    "n_samples": 10000,
    "n_heads": 8030.0,
    "n_tails": 1970.0,
    "theta_real": 0.8,
    "empirical_rate": 0.803
  },
  "params": {
    "prior_b": 4.0,
    "n_samples": 10000,
    "prior_a": 8.0,
    "theta_real": 0.8
  }
}
