{
  "inference": {
    "iterations": 10,
    "execution_time": 0.0031468868255615234,
    "posterior_mean": 0.28708133971291866,
    "converged": true,
    "posterior_std": 0.031218557065397775
  },
  "data": {
    "n_samples": 200,
    "n_heads": 59.0,
    "n_tails": 141.0,
    "theta_real": 0.3,
    "empirical_rate": 0.295
  },
  "params": {
    "prior_b": 8.0,
    "n_samples": 200,
    "prior_a": 1.0,
    "theta_real": 0.3
  }
}
