{
  "inference": {
    "iterations": 10,
    "execution_time": 0.008054971694946289,
    "posterior_mean": 0.2826086956521739,
    "converged": true,
    "posterior_std": 0.019997091543647823
  },
  "data": {
    "n_samples": 500,
    "n_heads": 141.0,
    "n_tails": 359.0,
    "theta_real": 0.3,
    "empirical_rate": 0.282
  },
  "params": {
    "prior_b": 4.0,
    "n_samples": 500,
    "prior_a": 2.0,
    "theta_real": 0.3
  }
}
