{
  "inference": {
    "iterations": 10,
    "execution_time": 0.008466958999633789,
    "posterior_mean": 0.7992047713717694,
    "converged": true,
    "posterior_std": 0.017843927915932145
  },
  "data": {
    "n_samples": 500,
    "n_heads": 401.0,
    "n_tails": 99.0,
    "theta_real": 0.8,
    "empirical_rate": 0.802
  },
  "params": {
    "prior_b": 2.0,
    "n_samples": 500,
    "prior_a": 1.0,
    "theta_real": 0.8
  }
}
