{
  "inference": {
    "iterations": 10,
    "execution_time": 0.0035789012908935547,
    "posterior_mean": 0.6926829268292682,
    "converged": true,
    "posterior_std": 0.03214600261341801
  },
  "data": {
    "n_samples": 200,
    "n_heads": 141.0,
    "n_tails": 59.0,
    "theta_real": 0.7,
    "empirical_rate": 0.705
  },
  "params": {
    "prior_b": 4.0,
    "n_samples": 200,
    "prior_a": 1.0,
    "theta_real": 0.7
  }
}
