{
  "inference": {
    "iterations": 10,
    "execution_time": 0.007806062698364258,
    "posterior_mean": 0.2803921568627451,
    "converged": true,
    "posterior_std": 0.019871032089613855
  },
  "data": {
    "n_samples": 500,
    "n_heads": 141.0,
    "n_tails": 359.0,
    "theta_real": 0.3,
    "empirical_rate": 0.282
  },
  "params": {
    "prior_b": 8.0,
    "n_samples": 500,
    "prior_a": 2.0,
    "theta_real": 0.3
  }
}
