{
  "inference": {
    "iterations": 10,
    "execution_time": 0.2269151210784912,
    "posterior_mean": 0.69914068745004,
    "converged": true,
    "posterior_std": 0.004584254008435841
  },
  "data": {
    "n_samples": 10000,
    "n_heads": 6993.0,
    "n_tails": 3007.0,
    "theta_real": 0.7,
    "empirical_rate": 0.6993
  },
  "params": {
    "prior_b": 4.0,
    "n_samples": 10000,
    "prior_a": 4.0,
    "theta_real": 0.7
  }
}
