{
  "inference": {
    "iterations": 10,
    "execution_time": 0.0033249855041503906,
    "posterior_mean": 0.7961165048543689,
    "converged": true,
    "posterior_std": 0.028002330437252275
  },
  "data": {
    "n_samples": 200,
    "n_heads": 162.0,
    "n_tails": 38.0,
    "theta_real": 0.8,
    "empirical_rate": 0.81
  },
  "params": {
    "prior_b": 4.0,
    "n_samples": 200,
    "prior_a": 2.0,
    "theta_real": 0.8
  }
}
