{
  "inference": {
    "iterations": 10,
    "execution_time": 0.0453639030456543,
    "posterior_mean": 0.6837944664031621,
    "converged": true,
    "posterior_std": 0.01460975056491991
  },
  "data": {
    "n_samples": 1000,
    "n_heads": 688.0,
    "n_tails": 312.0,
    "theta_real": 0.7,
    "empirical_rate": 0.688
  },
  "params": {
    "prior_b": 8.0,
    "n_samples": 1000,
    "prior_a": 4.0,
    "theta_real": 0.7
  }
}
