{
  "inference": {
    "iterations": 10,
    "execution_time": 0.008009195327758789,
    "posterior_mean": 0.4752475247524752,
    "converged": true,
    "posterior_std": 0.022200457343556784
  },
  "data": {
    "n_samples": 500,
    "n_heads": 239.0,
    "n_tails": 261.0,
    "theta_real": 0.5,
    "empirical_rate": 0.478
  },
  "params": {
    "prior_b": 4.0,
    "n_samples": 500,
    "prior_a": 1.0,
    "theta_real": 0.5
  }
}
