{
  "inference": {
    "iterations": 10,
    "execution_time": 0.01560521125793457,
    "posterior_mean": 0.6831683168316832,
    "converged": true,
    "posterior_std": 0.014631962618807774
  },
  "data": {
    "n_samples": 1000,
    "n_heads": 688.0,
    "n_tails": 312.0,
    "theta_real": 0.7,
    "empirical_rate": 0.688
  },
  "params": {
    "prior_b": 8.0,
    "n_samples": 1000,
    "prior_a": 2.0,
    "theta_real": 0.7
  }
}
