{
  "inference": {
    "iterations": 10,
    "execution_time": 0.01752305030822754,
    "posterior_mean": 0.48313492063492064,
    "converged": true,
    "posterior_std": 0.015731756911367033
  },
  "data": {
    "n_samples": 1000,
    "n_heads": 483.0,
    "n_tails": 517.0,
    "theta_real": 0.5,
    "empirical_rate": 0.483
  },
  "params": {
    "prior_b": 4.0,
    "n_samples": 1000,
    "prior_a": 4.0,
    "theta_real": 0.5
  }
}
