{
  "inference": {
    "iterations": 10,
    "execution_time": 0.026787996292114258,
    "posterior_mean": 0.48662041625371655,
    "converged": true,
    "posterior_std": 0.015727285577064806
  },
  "data": {
    "n_samples": 1000,
    "n_heads": 483.0,
    "n_tails": 517.0,
    "theta_real": 0.5,
    "empirical_rate": 0.483
  },
  "params": {
    "prior_b": 1.0,
    "n_samples": 1000,
    "prior_a": 8.0,
    "theta_real": 0.5
  }
}
