{
  "inference": {
    "iterations": 10,
    "execution_time": 0.007810115814208984,
    "posterior_mean": 0.6956521739130435,
    "converged": true,
    "posterior_std": 0.020435120155878887
  },
  "data": {
    "n_samples": 500,
    "n_heads": 348.0,
    "n_tails": 152.0,
    "theta_real": 0.7,
    "empirical_rate": 0.696
  },
  "params": {
    "prior_b": 2.0,
    "n_samples": 500,
    "prior_a": 4.0,
    "theta_real": 0.7
  }
}
