{
  "inference": {
    "iterations": 10,
    "execution_time": 0.023428916931152344,
    "posterior_mean": 0.7962226640159046,
    "converged": true,
    "posterior_std": 0.012693473263018588
  },
  "data": {
    "n_samples": 1000,
    "n_heads": 799.0,
    "n_tails": 201.0,
    "theta_real": 0.8,
    "empirical_rate": 0.799
  },
  "params": {
    "prior_b": 4.0,
    "n_samples": 1000,
    "prior_a": 2.0,
    "theta_real": 0.8
  }
}
