{
  "inference": {
    "iterations": 10,
    "execution_time": 0.015500068664550781,
    "posterior_mean": 0.7930693069306931,
    "converged": true,
    "posterior_std": 0.01274067535267648
  },
  "data": {
    "n_samples": 1000,
    "n_heads": 799.0,
    "n_tails": 201.0,
    "theta_real": 0.8,
    "empirical_rate": 0.799
  },
  "params": {
    "prior_b": 8.0,
    "n_samples": 1000,
    "prior_a": 2.0,
    "theta_real": 0.8
  }
}
