{
  "inference": {
    "iterations": 10,
    "execution_time": 0.007668972015380859,
    "posterior_mean": 0.689922480620155,
    "converged": true,
    "posterior_std": 0.020341829841628734
  },
  "data": {
    "n_samples": 500,
    "n_heads": 348.0,
    "n_tails": 152.0,
    "theta_real": 0.7,
    "empirical_rate": 0.696
  },
  "params": {
    "prior_b": 8.0,
    "n_samples": 500,
    "prior_a": 8.0,
    "theta_real": 0.7
  }
}
