{
  "inference": {
    "iterations": 10,
    "execution_time": 0.0037660598754882812,
    "posterior_mean": 0.8095238095238095,
    "converged": true,
    "posterior_std": 0.027032980676486653
  },
  "data": {
    "n_samples": 200,
    "n_heads": 162.0,
    "n_tails": 38.0,
    "theta_real": 0.8,
    "empirical_rate": 0.81
  },
  "params": {
    "prior_b": 2.0,
    "n_samples": 200,
    "prior_a": 8.0,
    "theta_real": 0.8
  }
}
