{
  "inference": {
    "iterations": 10,
    "execution_time": 0.1989428997039795,
    "posterior_mean": 0.500899100899101,
    "converged": true,
    "posterior_std": 0.004997244187283952
  },
  "data": {
    "n_samples": 10000,
    "n_heads": 5006.0,
    "n_tails": 4994.0,
    "theta_real": 0.5,
    "empirical_rate": 0.5006
  },
  "params": {
    "prior_b": 2.0,
    "n_samples": 10000,
    "prior_a": 8.0,
    "theta_real": 0.5
  }
}
