{
  "inference": {
    "iterations": 10,
    "execution_time": 0.008183002471923828,
    "posterior_mean": 0.47912524850894633,
    "converged": true,
    "posterior_std": 0.022252351612405293
  },
  "data": {
    "n_samples": 500,
    "n_heads": 239.0,
    "n_tails": 261.0,
    "theta_real": 0.5,
    "empirical_rate": 0.478
  },
  "params": {
    "prior_b": 1.0,
    "n_samples": 500,
    "prior_a": 2.0,
    "theta_real": 0.5
  }
}
