{
  "inference": {
    "iterations": 10,
    "execution_time": 0.21121811866760254,
    "posterior_mean": 0.500599520383693,
    "converged": true,
    "posterior_std": 0.0049977479249799575
  },
  "data": {
    "n_samples": 10000,
    "n_heads": 5006.0,
    "n_tails": 4994.0,
    "theta_real": 0.5,
    "empirical_rate": 0.5006
  },
  "params": {
    "prior_b": 4.0,
    "n_samples": 10000,
    "prior_a": 4.0,
    "theta_real": 0.5
  }
}
