{
  "inference": {
    "iterations": 10,
    "execution_time": 0.19914007186889648,
    "posterior_mean": 0.30475619504396484,
    "converged": true,
    "posterior_std": 0.004600970943438878
  },
  "data": {
    "n_samples": 10000,
    "n_heads": 3046.0,
    "n_tails": 6954.0,
    "theta_real": 0.3,
    "empirical_rate": 0.3046
  },
  "params": {
    "prior_b": 4.0,
    "n_samples": 10000,
    "prior_a": 4.0,
    "theta_real": 0.3
  }
}
