{
  "inference": {
    "iterations": 10,
    "execution_time": 0.01549220085144043,
    "posterior_mean": 0.2918326693227092,
    "converged": true,
    "posterior_std": 0.01434008966432175
  },
  "data": {
    "n_samples": 1000,
    "n_heads": 291.0,
    "n_tails": 709.0,
    "theta_real": 0.3,
    "empirical_rate": 0.291
  },
  "params": {
    "prior_b": 2.0,
    "n_samples": 1000,
    "prior_a": 2.0,
    "theta_real": 0.3
  }
}
