{
  "inference": {
    "iterations": 10,
    "execution_time": 0.29155492782592773,
    "posterior_mean": 0.6990504747626187,
    "converged": true,
    "posterior_std": 0.004585332668876605
  },
  "data": {
    "n_samples": 10000,
    "n_heads": 6993.0,
    "n_tails": 3007.0,
    "theta_real": 0.7,
    "empirical_rate": 0.6993
  },
  "params": {
    "prior_b": 4.0,
    "n_samples": 10000,
    "prior_a": 1.0,
    "theta_real": 0.7
  }
}
