{
  "inference": {
    "iterations": 10,
    "execution_time": 0.007910013198852539,
    "posterior_mean": 0.4725490196078431,
    "converged": true,
    "posterior_std": 0.022085337233008536
  },
  "data": {
    "n_samples": 500,
    "n_heads": 239.0,
    "n_tails": 261.0,
    "theta_real": 0.5,
    "empirical_rate": 0.478
  },
  "params": {
    "prior_b": 8.0,
    "n_samples": 500,
    "prior_a": 2.0,
    "theta_real": 0.5
  }
}
