{
  "inference": {
    "iterations": 10,
    "execution_time": 0.11350512504577637,
    "posterior_mean": 0.6878727634194831,
    "converged": true,
    "posterior_std": 0.014601758296441326
  },
  "data": {
    "n_samples": 1000,
    "n_heads": 688.0,
    "n_tails": 312.0,
    "theta_real": 0.7,
    "empirical_rate": 0.688
  },
  "params": {
    "prior_b": 2.0,
    "n_samples": 1000,
    "prior_a": 4.0,
    "theta_real": 0.7
  }
}
