{
  "inference": {
    "iterations": 10,
    "execution_time": 0.0034339427947998047,
    "posterior_mean": 0.5024630541871922,
    "converged": true,
    "posterior_std": 0.03500657734864999
  },
  "data": {
    "n_samples": 200,
    "n_heads": 101.0,
    "n_tails": 99.0,
    "theta_real": 0.5,
    "empirical_rate": 0.505
  },
  "params": {
    "prior_b": 2.0,
    "n_samples": 200,
    "prior_a": 1.0,
    "theta_real": 0.5
  }
}
