{
  "inference": {
    "iterations": 10,
    "execution_time": 0.0030341148376464844,
    "posterior_mean": 0.4880382775119617,
    "converged": true,
    "posterior_std": 0.034493402902385284
  },
  "data": {
    "n_samples": 200,
    "n_heads": 101.0,
    "n_tails": 99.0,
    "theta_real": 0.5,
    "empirical_rate": 0.505
  },
  "params": {
    "prior_b": 8.0,
    "n_samples": 200,
    "prior_a": 1.0,
    "theta_real": 0.5
  }
}
