{
  "inference": {
    "iterations": 10,
    "execution_time": 0.0033180713653564453,
    "posterior_mean": 0.2926829268292683,
    "converged": true,
    "posterior_std": 0.03170094108828812
  },
  "data": {
    "n_samples": 200,
    "n_heads": 59.0,
    "n_tails": 141.0,
    "theta_real": 0.3,
    "empirical_rate": 0.295
  },
  "params": {
    "prior_b": 4.0,
    "n_samples": 200,
    "prior_a": 1.0,
    "theta_real": 0.3
  }
}
