{
  "inference": {
    "iterations": 10,
    "execution_time": 0.0030548572540283203,
    "posterior_mean": 0.2955665024630542,
    "converged": true,
    "posterior_std": 0.03194717952852032
  },
  "data": {
    "n_samples": 200,
    "n_heads": 59.0,
    "n_tails": 141.0,
    "theta_real": 0.3,
    "empirical_rate": 0.295
  },
  "params": {
    "prior_b": 2.0,
    "n_samples": 200,
    "prior_a": 1.0,
    "theta_real": 0.3
  }
}
