{
  "inference": {
    "iterations": 10,
    "execution_time": 0.0033960342407226562,
    "posterior_mean": 0.6995073891625616,
    "converged": true,
    "posterior_std": 0.032099477858249445
  },
  "data": {
    "n_samples": 200,
    "n_heads": 141.0,
    "n_tails": 59.0,
    "theta_real": 0.7,
    "empirical_rate": 0.705
  },
  "params": {
    "prior_b": 2.0,
    "n_samples": 200,
    "prior_a": 1.0,
    "theta_real": 0.7
  }
}
