{
  "inference": {
    "iterations": 10,
    "execution_time": 0.2564811706542969,
    "posterior_mean": 0.5007496251874063,
    "converged": true,
    "posterior_std": 0.00499849505696536
  },
  "data": {
    "n_samples": 10000,
    "n_heads": 5006.0,
    "n_tails": 4994.0,
    "theta_real": 0.5,
    "empirical_rate": 0.5006
  },
  "params": {
    "prior_b": 1.0,
    "n_samples": 10000,
    "prior_a": 4.0,
    "theta_real": 0.5
  }
}
