{
  "inference": {
    "iterations": 10,
    "execution_time": 0.2225170135498047,
    "posterior_mean": 0.6989816293929713,
    "converged": true,
    "posterior_std": 0.004583112779295385
  },
  "data": {
    "n_samples": 10000,
    "n_heads": 6993.0,
    "n_tails": 3007.0,
    "theta_real": 0.7,
    "empirical_rate": 0.6993
  },
  "params": {
    "prior_b": 8.0,
    "n_samples": 10000,
    "prior_a": 8.0,
    "theta_real": 0.7
  }
}
