{
  "inference": {
    "iterations": 10,
    "execution_time": 0.06339406967163086,
    "posterior_mean": 0.799009900990099,
    "converged": true,
    "posterior_std": 0.01260340333316868
  },
  "data": {
    "n_samples": 1000,
    "n_heads": 799.0,
    "n_tails": 201.0,
    "theta_real": 0.8,
    "empirical_rate": 0.799
  },
  "params": {
    "prior_b": 2.0,
    "n_samples": 1000,
    "prior_a": 8.0,
    "theta_real": 0.8
  }
}
