{
  "inference": {
    "iterations": 10,
    "execution_time": 0.008510112762451172,
    "posterior_mean": 0.6938369781312127,
    "converged": true,
    "posterior_std": 0.020530041185764968
  },
  "data": {
    "n_samples": 500,
    "n_heads": 348.0,
    "n_tails": 152.0,
    "theta_real": 0.7,
    "empirical_rate": 0.696
  },
  "params": {
    "prior_b": 2.0,
    "n_samples": 500,
    "prior_a": 1.0,
    "theta_real": 0.7
  }
}
