{
  "inference": {
    "iterations": 10,
    "execution_time": 0.01543116569519043,
    "posterior_mean": 0.687624750499002,
    "converged": true,
    "posterior_std": 0.014634018229167014
  },
  "data": {
    "n_samples": 1000,
    "n_heads": 688.0,
    "n_tails": 312.0,
    "theta_real": 0.7,
    "empirical_rate": 0.688
  },
  "params": {
    "prior_b": 1.0,
    "n_samples": 1000,
    "prior_a": 1.0,
    "theta_real": 0.7
  }
}
