{
  "inference": {
    "iterations": 10,
    "execution_time": 0.01735997200012207,
    "posterior_mean": 0.7966269841269841,
    "converged": true,
    "posterior_std": 0.012671516339829844
  },
  "data": {
    "n_samples": 1000,
    "n_heads": 799.0,
    "n_tails": 201.0,
    "theta_real": 0.8,
    "empirical_rate": 0.799
  },
  "params": {
    "prior_b": 4.0,
    "n_samples": 1000,
    "prior_a": 4.0,
    "theta_real": 0.8
  }
}
