{
  "inference": {
    "iterations": 10,
    "execution_time": 0.21103906631469727,
    "posterior_mean": 0.8028788484606157,
    "converged": true,
    "posterior_std": 0.0039772516955797685
  },
  "data": {
    "n_samples": 10000,
    "n_heads": 8030.0,
    "n_tails": 1970.0,
    "theta_real": 0.8,
    "empirical_rate": 0.803
  },
  "params": {
    "prior_b": 2.0,
    "n_samples": 10000,
    "prior_a": 2.0,
    "theta_real": 0.8
  }
}
