{
  "inference": {
    "iterations": 10,
    "execution_time": 0.0035130977630615234,
    "posterior_mean": 0.32057416267942584,
    "converged": true,
    "posterior_std": 0.03220517326838529
  },
  "data": {
    "n_samples": 200,
    "n_heads": 59.0,
    "n_tails": 141.0,
    "theta_real": 0.3,
    "empirical_rate": 0.295
  },
  "params": {
    "prior_b": 1.0,
    "n_samples": 200,
    "prior_a": 8.0,
    "theta_real": 0.3
  }
}
