{
  "inference": {
    "iterations": 10,
    "execution_time": 0.22509503364562988,
    "posterior_mean": 0.802757793764988,
    "converged": true,
    "posterior_std": 0.0039773778108988
  },
  "data": {
    "n_samples": 10000,
    "n_heads": 8030.0,
    "n_tails": 1970.0,
    "theta_real": 0.8,
    "empirical_rate": 0.803
  },
  "params": {
    "prior_b": 4.0,
    "n_samples": 10000,
    "prior_a": 4.0,
    "theta_real": 0.8
  }
}
