{
  "inference": {
    "iterations": 10,
    "execution_time": 0.003287076950073242,
    "posterior_mean": 0.5121951219512195,
    "converged": true,
    "posterior_std": 0.034826287290072346
  },
  "data": {
    "n_samples": 200,
    "n_heads": 101.0,
    "n_tails": 99.0,
    "theta_real": 0.5,
    "empirical_rate": 0.505
  },
  "params": {
    "prior_b": 1.0,
    "n_samples": 200,
    "prior_a": 4.0,
    "theta_real": 0.5
  }
}
