{
  "inference": {
    "iterations": 10,
    "execution_time": 0.016287803649902344,
    "posterior_mean": 0.48122529644268774,
    "converged": true,
    "posterior_std": 0.015698526741771898
  },
  "data": {
    "n_samples": 1000,
    "n_heads": 483.0,
    "n_tails": 517.0,
    "theta_real": 0.5,
    "empirical_rate": 0.483
  },
  "params": {
    "prior_b": 8.0,
    "n_samples": 1000,
    "prior_a": 4.0,
    "theta_real": 0.5
  }
}
