{
  "inference": {
    "iterations": 10,
    "execution_time": 0.008322954177856445,
    "posterior_mean": 0.7964426877470355,
    "converged": true,
    "posterior_std": 0.017882022579152744
  },
  "data": {
    "n_samples": 500,
    "n_heads": 401.0,
    "n_tails": 99.0,
    "theta_real": 0.8,
    "empirical_rate": 0.802
  },
  "params": {
    "prior_b": 4.0,
    "n_samples": 500,
    "prior_a": 2.0,
    "theta_real": 0.8
  }
}
