{
  "inference": {
    "iterations": 10,
    "execution_time": 0.0031538009643554688,
    "posterior_mean": 0.2971698113207547,
    "converged": true,
    "posterior_std": 0.03131394224872579
  },
  "data": {
    "n_samples": 200,
    "n_heads": 59.0,
    "n_tails": 141.0,
    "theta_real": 0.3,
    "empirical_rate": 0.295
  },
  "params": {
    "prior_b": 8.0,
    "n_samples": 200,
    "prior_a": 4.0,
    "theta_real": 0.3
  }
}
