{
  "inference": {
    "iterations": 10,
    "execution_time": 0.017416954040527344,
    "posterior_mean": 0.481592039800995,
    "converged": true,
    "posterior_std": 0.015753479435204762
  },
  "data": {
    "n_samples": 1000,
    "n_heads": 483.0,
    "n_tails": 517.0,
    "theta_real": 0.5,
    "empirical_rate": 0.483
  },
  "params": {
    "prior_b": 4.0,
    "n_samples": 1000,
    "prior_a": 1.0,
    "theta_real": 0.5
  }
}
