{
  "inference": {
    "iterations": 10,
    "execution_time": 0.24843788146972656,
    "posterior_mean": 0.6992203118752499,
    "converged": true,
    "posterior_std": 0.004584824579569005
  },
  "data": {
    "n_samples": 10000,
    "n_heads": 6993.0,
    "n_tails": 3007.0,
    "theta_real": 0.7,
    "empirical_rate": 0.6993
  },
  "params": {
    "prior_b": 2.0,
    "n_samples": 10000,
    "prior_a": 2.0,
    "theta_real": 0.7
  }
}
