Operation,Min_ns,Max_ns,Mean_ns,Median_ns,Std_ns,Min_μs,Max_μs,Mean_μs,Median_μs,Std_μs
Model creation,3.962625e6,1.9727917e7,1.1845271e7,1.1845271e7,1.1147744880586028e7,3962.625,19727.917,11845.271,11845.271,11147.744880586028
Inference,4.840208e6,2.378425e7,1.4312229e7,1.4312229e7,1.3395460561282767e7,4840.208,23784.25,14312.229,14312.229,13395.460561282767
Iteration,441208.0,4.742625e6,694404.25,475833.5,953255.301055277,441.208,4742.625,694.40425,475.8335,953.255301055277
