Operation,Min_ns,Max_ns,Mean_ns,Median_ns,Std_ns,Min_μs,Max_μs,Mean_μs,Median_μs,Std_μs
Model creation,4.157208e6,1.9797041e7,1.19771245e7,1.19771245e7,1.1059031970925145e7,4157.208,19797.041,11977.1245,11977.1245,11059.031970925145
Inference,5.09075e6,2.4657625e7,1.48741875e7,1.48741875e7,1.3835869999129526e7,5090.75,24657.625,14874.1875,14874.1875,13835.869999129527
Iteration,477542.0,4.704583e6,718908.35,505291.0,938334.0880916379,477.542,4704.583,718.9083499999999,505.291,938.3340880916379
