Operation,Min_ns,Max_ns,Mean_ns,Median_ns,Std_ns,Min_μs,Max_μs,Mean_μs,Median_μs,Std_μs
Model creation,4.642917e6,2.2414583e7,1.352875e7,1.352875e7,1.2566465541582406e7,4642.917,22414.583,13528.75,13528.75,12566.465541582405
Inference,2.8087208e7,3.2682958e7,3.0385083e7,3.0385083e7,3.2496859896380757e6,28087.208,32682.958,30385.083,30385.083,3249.6859896380756
Iteration,488875.0,2.7854458e7,2.1585563e6,532958.5,6.154171836495049e6,488.875,27854.458,2158.5562999999997,532.9585,6154.171836495049
