{
  "inference": {
    "mean_μs": 14874.1875,
    "std_μs": 13835.869999129527
  },
  "iteration": {
    "mean_μs": 718.9083499999999,
    "std_μs": 938.3340880916379
  },
  "model_creation": {
    "mean_μs": 11977.1245,
    "std_μs": 11059.031970925145
  }
}
