{
  "inference": {
    "mean_μs": 30385.083,
    "std_μs": 3249.6859896380756
  },
  "iteration": {
    "mean_μs": 2158.5562999999997,
    "std_μs": 6154.171836495049
  },
  "model_creation": {
    "mean_μs": 13528.75,
    "std_μs": 12566.465541582405
  }
}
