Operation,Min_ns,Max_ns,Mean_ns,Median_ns,Std_ns,Min_μs,Max_μs,Mean_μs,Median_μs,Std_μs
Model creation,2.3992042e7,5.0403917e7,3.71979795e7,3.71979795e7,1.8676015916351445e7,23992.042,50403.917,37197.9795,37197.9795,18676.015916351444
Inference,5.18725e6,2.6712958e7,1.5950104e7,1.5950104e7,1.5220974096641516e7,5187.25,26712.958,15950.104,15950.104,15220.974096641516
Iteration,496042.0,5.407542e6,765146.05,508187.5,1.0931549087323004e6,496.042,5407.542,765.1460500000001,508.1875,1093.1549087323003
