{
  "inference": {
    "mean_μs": 15950.104,
    "std_μs": 15220.974096641516
  },
  "iteration": {
    "mean_μs": 765.1460500000001,
    "std_μs": 1093.1549087323003
  },
  "model_creation": {
    "mean_μs": 37197.9795,
    "std_μs": 18676.015916351444
  }
}
