{
  "inference": {
    "mean_μs": 14312.229,
    "std_μs": 13395.460561282767
  },
  "iteration": {
    "mean_μs": 694.40425,
    "std_μs": 953.255301055277
  },
  "model_creation": {
    "mean_μs": 11845.271,
    "std_μs": 11147.744880586028
  }
}
