metric,pos,vel,acc
rmse,0.06683313149513401,0.08299714190720105,0.1473275118915983
coverage95,0.9755,0.9965,1.0
