metric,pos,vel,acc
rmse,0.28991110315803725,0.6405419426335671,1.4175068533030515
coverage95,0.1676,0.122,0.182
