{
  "actions": [
    0.0,
    -2.184721741511769,
    -2.184721741511769,
    -2.184721741511769,
    -2.184721741511769,
    -0.045215325386391045,
    0.05932885695377681,
    2.184721741511769,
    2.184721741511769,
    2.184721741511769,
    2.184721741511769,
    2.184721741511769,
    2.184721741511769,
    2.184721741511769,
    2.184721741511769,
    -2.1583230251991488,
    2.184721741511769,
    2.184721741511769,
    2.184721741511769,
    2.184721741511769,
    2.184721741511769
  ],
  "metadata": {
    "num_steps": 22,
    "final_position": 0.4643058595345529,
    "goal_position": 0.5,
    "initial_position": -0.5
  },
  "states": [
    [
      -0.5,
      0.0
    ],
    [
      -0.5,
      0.0
    ],
    [
      -0.5389999956851653,
      -0.03899999568516537
    ],
    [
      -0.609199987918463,
      -0.07019999223329768
    ],
    [
      -0.70045997782175,
      -0.09125998990328699
    ],
    [
      -0.8015479666376986,
      -0.10108798881594866
    ],
    [
      -0.8641797414058806,
      -0.062631774768182
    ],
    [
      -0.8817599907961083,
      -0.01758024939022774
    ],
    [
      -0.8204062204825371,
      0.06135377031357124
    ],
    [
      -0.6941472094669039,
      0.1262590110156332
    ],
    [
      -0.5220993829209782,
      0.17204782654592565
    ],
    [
      -0.32604640505238197,
      0.19605297786859627
    ],
    [
      -0.12799408878024177,
      0.1980523162721402
    ],
    [
      0.05205240042787396,
      0.18004648920811572
    ],
    [
      0.20329672665850687,
      0.15124432623063291
    ],
    [
      0.3313345876181617,
      0.1280378609596548
    ],
    [
      0.3645619552553688,
      0.03322736763720708
    ],
    [
      0.3915622657387306,
      0.027000310483361833
    ],
    [
      0.41390584034150896,
      0.022343574602778367
    ],
    [
      0.43284181124763144,
      0.018935970906122472
    ],
    [
      0.44937109137829206,
      0.016529280130660632
    ],
    [
      0.4643058595345529,
      0.014934768156260846
    ]
  ]
}
