Operation,Min_ns,Max_ns,Mean_ns,Median_ns,Std_ns,Min_μs,Max_μs,Mean_μs,Median_μs,Std_μs
Model creation,4.045625e6,2.0175417e7,1.2110521e7,1.2110521e7,1.1405485302328525e7,4045.625,20175.417,12110.521,12110.521,11405.485302328525
Inference,4.907833e6,2.4653208e7,1.47805205e7,1.47805205e7,1.3962088559571326e7,4907.833,24653.208,14780.5205,14780.5205,13962.088559571326
Iteration,444708.0,4.741417e6,696866.6,473458.5,952613.0103196433,444.708,4741.417,696.8666,473.4585,952.6130103196433
