{
  "inference": {
    "mean_μs": 14780.5205,
    "std_μs": 13962.088559571326
  },
  "iteration": {
    "mean_μs": 696.8666,
    "std_μs": 952.6130103196433
  },
  "model_creation": {
    "mean_μs": 12110.521,
    "std_μs": 11405.485302328525
  }
}
