metric,dim_1,dim_2,dim_3,dim_4,dim_5
rmse,0.11543022239611109,0.1409451356155008,0.3422000493379564,0.10564982381336663,0.0019424779696203404
coverage95,0.961,0.9705,0.959,1.0,0.8755
