metric,pos,vel,acc
rmse,0.06938012275689957,0.08262876731043309,0.15618564838030147
coverage95,0.974,0.9978,1.0
