metric,pos,vel,acc
rmse,0.11610086486253539,0.16572404418820078,0.36916677605068066
coverage95,0.964,0.9455,0.9355
