metric,dim_1,dim_2,dim_3
rmse,0.12040848502587094,0.15010265796180436,0.3550006870094408
coverage95,0.956,0.938,0.9555
